,City,Cloudiness,Country,Date,Humidity,Lat,Lng,Max Temp,Wind Speed
0,Hermanus,12,ZA,1611796843,92,-34.4187,19.2345,54.0,8.72
1,Hilo,90,US,1611796843,78,19.7297,-155.09,73.4,4.61
2,Punta Arenas,90,CL,1611796843,87,-53.15,-70.9167,42.8,9.22
3,Esperance,75,AU,1611796843,68,-33.8667,121.9,68.0,9.22
4,Albany,99,US,1611796843,61,42.6001,-73.9662,28.99,1.01
5,Anadyr,75,RU,1611796515,85,64.75,177.4833,12.2,22.37
6,Havøysund,40,NO,1611796515,68,70.9963,24.6622,21.2,11.5
7,Saint-Philippe,0,RE,1611796844,61,-21.3585,55.7679,77.0,6.91
8,Rikitea,100,PF,1611796844,74,-23.1203,-134.9692,79.72,10.98
9,Cabo San Lucas,1,MX,1611796704,72,22.8909,-109.9124,66.2,3.44
10,Jamestown,90,US,1611796516,86,42.097,-79.2353,23.0,4.32
11,Yinchuan,0,CN,1611796516,69,38.4681,106.2731,20.82,2.68
12,Butaritari,100,KI,1611796516,80,3.0707,172.7902,80.53,16.89
13,Batticaloa,96,LK,1611796517,79,7.7102,81.6924,75.99,8.32
14,Vaini,90,TO,1611796545,88,-21.2,-175.2,77.0,6.91
15,Atuona,3,PF,1611796517,78,-9.8,-139.0333,78.71,15.61
16,Salalah,0,OM,1611796517,64,17.0151,54.0924,69.8,2.3
17,Chokurdakh,100,RU,1611796518,89,70.6333,147.9167,-14.55,11.07
18,Māngrol,0,IN,1611796518,34,21.1167,70.1167,60.28,14.12
19,Arraial do Cabo,100,BR,1611796518,80,-22.9661,-42.0278,77.34,28.48
20,Vila Velha,0,BR,1611796518,73,-20.3297,-40.2925,78.8,9.22
21,Riyadh,0,SA,1611796506,31,24.6877,46.7219,60.8,6.91
22,Bambous Virieux,20,MU,1611796519,88,-20.3428,57.7575,75.99,3.44
23,Busselton,53,AU,1611796517,61,-33.65,115.3333,68.0,1.99
24,Mataura,100,NZ,1611796519,74,-46.1927,168.8643,52.0,18.01
25,Mar del Plata,0,AR,1611796519,68,-38.0023,-57.5575,66.99,6.91
26,Ola,0,RU,1611796520,83,59.5833,151.2833,-12.33,10.56
27,New Norfolk,0,AU,1611796520,40,-42.7826,147.0587,66.99,1.99
28,Kichera,100,RU,1611796520,75,55.9375,110.0997,-22.43,2.35
29,Upernavik,100,GL,1611796520,91,72.7868,-56.1549,-4.13,5.14
30,Tuktoyaktuk,20,CA,1611796520,75,69.4541,-133.0374,-31.0,2.3
31,Saint Paul Harbor,90,US,1611796521,75,57.79,-152.4072,33.8,5.75
32,Tashigang,0,BT,1611796521,55,27.3331,91.5542,44.87,4.34
33,George Town,20,MY,1611796521,88,5.4112,100.3354,79.0,4.12
34,Bahir Dar,0,ET,1611796501,50,11.5936,37.3908,63.45,3.85
35,Bay City,90,US,1611796335,73,43.5945,-83.8889,21.99,4.61
36,Pringsewu,100,ID,1611796522,95,-5.3582,104.9744,72.84,2.35
37,Hobart,75,AU,1611796522,51,-42.8794,147.3294,66.99,8.05
38,Kapaa,75,US,1611796522,88,22.0752,-159.319,75.99,20.71
39,Mtambile,91,TZ,1611796522,81,-5.3833,39.7,79.29,9.69
40,Cape Town,0,ZA,1611796499,77,-33.9258,18.4232,64.0,11.5
41,Provideniya,90,RU,1611796523,85,64.3833,-173.3,10.4,35.79
42,Morondava,34,MG,1611796523,74,-20.2833,44.2833,81.7,1.05
43,Cherskiy,100,RU,1611796523,85,68.75,161.3,-23.98,4.97
44,Pacifica,90,US,1611796523,76,37.6138,-122.4869,51.01,18.41
45,Kahului,40,US,1611796524,61,20.8947,-156.47,78.8,20.71
46,Fortuna,40,US,1611796524,87,40.5982,-124.1573,48.99,14.97
47,Rio Grande,100,BR,1611796384,96,-32.035,-52.0986,71.01,7.34
48,Mahébourg,20,MU,1611796524,88,-20.4081,57.7,73.4,3.44
49,Ostrovnoy,100,RU,1611796525,94,68.0531,39.5131,11.48,20.83
50,Severo-Kuril'sk,100,RU,1611796525,97,50.6789,156.125,29.82,22.35
51,Zeya,100,RU,1611796525,83,53.75,127.2667,-19.37,4.25
52,Bredasdorp,18,ZA,1611796525,87,-34.5322,20.0403,48.2,2.59
53,Vila Franca do Campo,75,PT,1611796525,94,37.7167,-25.4333,60.01,25.32
54,Coyhaique,75,CL,1611796407,66,-45.5752,-72.0662,53.6,3.44
55,Port Alfred,16,ZA,1611796526,91,-33.5906,26.891,60.01,1.99
56,Yellowknife,90,CA,1611796408,77,62.456,-114.3525,-9.99,3.44
57,Nicoya,0,CR,1611796526,57,10.1483,-85.452,80.6,14.97
58,Verkhoyansk,57,RU,1611796526,73,67.5447,133.385,-49.04,1.12
59,Hithadhoo,100,MV,1611796527,77,-0.6,73.0833,81.81,16.53
60,Teya,100,RU,1611796527,81,60.3778,92.6267,-29.49,2.33
61,Berea,90,US,1611796348,68,41.3662,-81.8543,28.0,8.05
62,Puerto Ayora,21,EC,1611796387,91,-0.7393,-90.3518,78.01,1.99
63,Port Lincoln,100,AU,1611796528,76,-34.7333,135.8667,67.26,6.93
64,Tigil',98,RU,1611796528,93,57.8,158.6667,-1.39,5.39
65,Ribeira Grande,45,PT,1611796528,81,38.5167,-28.7,61.38,20.29
66,Acapulco de Juárez,75,MX,1611796354,78,16.8634,-99.8901,78.8,2.08
67,Khovd,0,MN,1611796528,82,48.0056,91.6419,1.02,1.28
68,Formosa do Rio Preto,87,BR,1611796529,59,-11.0483,-45.1931,74.73,2.89
69,Brownsville,1,US,1611796529,51,25.9018,-97.4975,66.2,8.05
70,Yulara,75,AU,1611796555,51,-25.2406,130.9889,82.4,17.27
71,Coquimbo,0,CL,1611796396,82,-29.9533,-71.3436,60.8,8.05
72,Judenburg,75,AT,1611796556,86,47.1667,14.6667,17.6,3.44
73,Hambantota,75,LK,1611796556,100,6.1241,81.1185,71.6,1.14
74,Burnie,20,AU,1611796556,49,-41.0667,145.9167,62.01,13.0
75,Lano,100,NG,1611796556,21,10.1725,11.4715,68.65,6.35
76,Flinders,98,AU,1611796557,65,-34.5833,150.8552,73.0,5.99
77,Mendi,100,PG,1611796557,86,-6.1761,143.6513,62.42,2.8
78,Tautira,40,PF,1611796557,58,-17.7333,-149.15,87.8,14.97
79,Salamiyah,31,SY,1611796557,89,35.0113,37.0532,48.79,15.32
80,Katsuura,75,JP,1611796453,65,35.1333,140.3,46.0,16.11
81,Bluff,100,NZ,1611796558,74,-46.6,168.3333,52.0,18.01
82,Wewak,100,PG,1611796558,85,-3.5534,143.6268,79.09,2.68
83,Port-Gentil,100,GA,1611796558,78,-0.7193,8.7815,79.54,4.61
84,Susanville,90,US,1611796559,70,40.4163,-120.653,37.4,4.03
85,Port Hedland,0,AU,1611796559,58,-20.3167,118.5667,91.4,8.05
86,Airai,100,TL,1611796559,100,-8.9266,125.4092,64.42,4.38
87,Bar Harbor,90,US,1611796559,80,44.3876,-68.2039,32.0,7.67
88,Batagay-Alyta,92,RU,1611796559,80,67.8006,130.4114,-37.19,1.23
89,Haines Junction,51,CA,1611796559,76,60.7522,-137.5108,-22.0,0.96
90,Souillac,20,MU,1611796560,88,-20.5167,57.5167,73.4,3.44
91,Dikson,100,RU,1611796560,85,73.5069,80.5464,-24.0,10.8
92,Avarua,99,CK,1611796560,62,-21.2078,-159.775,87.8,16.11
93,Houston,1,US,1611796282,29,29.7633,-95.3633,60.8,12.66
94,Shenjiamen,28,CN,1611796561,81,29.9576,122.298,45.91,20.38
95,Barrow,90,US,1611796561,71,71.2906,-156.7887,-7.6,5.93
96,Mehtar Lām,0,AF,1611796561,45,34.6714,70.2094,42.48,4.88
97,Clyde River,1,CA,1611796561,76,70.4692,-68.5914,-14.8,1.39
98,La Palma,1,US,1611796562,62,33.8464,-118.0467,57.0,6.91
99,Qaanaaq,0,GL,1611796562,65,77.484,-69.3632,-14.75,9.57
100,Sola,75,VU,1611796562,79,-13.8833,167.55,86.0,17.56
101,Fare,100,PF,1611796563,71,-16.7,-151.0167,81.36,12.01
102,Ushuaia,75,AR,1611796563,87,-54.8,-68.3,41.0,13.8
103,Hamilton,90,US,1611796370,86,39.1834,-84.5333,28.99,14.97
104,Najrān,0,SA,1611796563,46,17.4924,44.1277,51.8,1.72
105,Daru,100,PG,1611796563,65,-9.0763,143.2092,86.81,11.77
106,Cheney,75,US,1611796563,80,47.4874,-117.5758,36.0,6.91
107,Moss Vale,90,AU,1611796564,64,-34.55,150.3833,73.0,13.8
108,Morgan City,1,US,1611796564,51,29.6994,-91.2068,60.8,11.5
109,Makakilo City,75,US,1611796564,57,21.3469,-158.0858,80.6,12.66
110,Elizabeth City,90,US,1611796564,75,36.2946,-76.2511,43.0,9.22
111,San Cristobal,13,VE,1611796565,80,7.7669,-72.225,64.8,1.54
112,Mikuni,75,JP,1611796565,81,36.2171,136.1519,39.2,2.3
113,Rumuruti,0,KE,1611796565,83,0.267,36.5389,54.34,6.15
114,Methóni,98,GR,1611796565,87,36.8197,21.7049,43.0,2.3
115,Guangzhou,75,CN,1611796327,59,23.1167,113.25,66.0,15.66
116,Esso,0,RU,1611796566,87,55.9333,158.7,9.81,2.8
117,Quatre Cocos,20,MU,1611796566,88,-20.2078,57.7625,75.99,3.44
118,Kaitangata,82,NZ,1611796566,73,-46.2817,169.8464,53.01,11.99
119,Korla,0,CN,1611796567,84,41.7597,86.1469,18.5,1.77
120,Kruisfontein,15,ZA,1611796567,90,-34.0033,24.7314,60.01,1.01
121,Glace Bay,75,CA,1611796389,80,46.1969,-59.957,28.99,10.36
122,Deniliquin,100,AU,1611796567,51,-35.5333,144.9667,78.01,1.01
123,Mizdah,0,LY,1611796567,56,31.4451,12.9801,45.88,12.17
124,San Policarpo,100,PH,1611796568,82,12.1791,125.5072,80.76,15.52
125,Gravdal,0,NO,1611796568,91,68.1214,13.5031,28.69,12.1
126,Tasiilaq,75,GL,1611796568,42,65.6145,-37.6368,21.2,26.46
127,San Patricio,1,US,1611796568,27,28.017,-97.5169,66.2,5.75
128,Caniço,75,PT,1611796568,88,32.6333,-16.85,62.6,6.91
129,Hay River,100,CA,1611796569,76,60.8156,-115.7999,-14.8,2.3
130,Oktyabr'skiy,100,RU,1611796569,94,54.4815,53.471,18.46,13.87
131,Örnsköldsvik,90,SE,1611796569,86,63.2909,18.7153,15.8,5.75
132,Carnarvon,0,AU,1611796569,50,-24.8667,113.6333,78.8,18.41
133,Japura,100,ID,1611796570,87,-0.3167,102.35,76.5,0.81
134,Sawtell,75,AU,1611796570,74,-30.3833,153.1,80.6,8.05
135,Muscat,0,OM,1611796570,77,23.6139,58.5922,60.8,3.44
136,Huainan,9,CN,1611796570,60,32.6264,116.9969,40.14,15.21
137,Tutóia,100,BR,1611796273,82,-2.7619,-42.2744,79.79,9.8
138,Half Moon Bay,90,US,1611796570,81,37.4636,-122.4286,50.0,6.91
139,East London,82,ZA,1611796571,77,-33.0153,27.9116,69.35,15.61
140,Mandalgovi,0,MN,1611796571,78,45.7625,106.2708,-3.68,12.57
141,Sitka,1,US,1611796571,37,57.0531,-135.33,30.2,8.05
142,Rocha,0,UY,1611796466,87,-34.4833,-54.3333,62.64,3.53
143,Río Gallegos,75,AR,1611796572,43,-51.6226,-69.2181,50.0,20.71
144,Lompoc,90,US,1611796572,82,34.6391,-120.4579,53.6,18.41
145,College,40,US,1611796562,76,64.8569,-147.8028,-14.01,2.28
146,Saskylakh,99,RU,1611796572,80,71.9167,114.0833,-41.89,2.82
147,Murgab,0,TM,1611796572,80,37.4966,61.9714,30.2,6.91
148,Santa Vitória do Palmar,51,BR,1611796330,85,-33.5189,-53.3681,69.66,8.61
149,Dingle,100,PH,1611796573,81,10.9995,122.6711,80.13,11.83
150,Olinda,75,BR,1611796335,69,-8.0089,-34.8553,78.8,6.91
151,Comodoro Rivadavia,40,AR,1611796573,82,-45.8667,-67.5,57.2,14.56
152,Poum,99,NC,1611796573,74,-20.2333,164.0167,80.87,7.09
153,Yining,2,CN,1611796574,80,29.0361,114.5636,45.27,0.83
154,Port Keats,100,AU,1611796574,93,-14.25,129.55,77.54,7.72
155,Kabare,1,CD,1611796574,81,-2.4683,28.8242,59.32,0.45
156,Presidencia Roque Sáenz Peña,0,AR,1611796574,75,-26.7852,-60.4388,79.0,3.0
157,Imeni Poliny Osipenko,100,RU,1611796574,90,52.4201,136.4853,-5.53,6.51
158,Alghero,40,IT,1611796575,88,40.5589,8.3181,55.4,5.75
159,Castro,100,BR,1611796575,94,-24.7911,-50.0119,65.55,4.23
160,Thompson,20,CA,1611796394,76,55.7435,-97.8558,-20.2,1.68
161,Assiut,0,EG,1611796349,57,27.181,31.1837,50.0,11.5
162,Porto-Novo,40,BJ,1611796575,83,6.4965,2.6036,82.4,12.66
163,Tsabong,73,BW,1611796576,31,-26.0217,22.401,73.33,6.42
164,Lebu,97,CL,1611796576,85,-37.6167,-73.65,56.89,6.91
165,Palmeirais,100,BR,1611796576,85,-5.9778,-43.0633,75.02,2.04
166,Maceió,75,BR,1611796576,88,-9.6658,-35.7353,75.2,2.3
167,Niquero,0,CU,1611796576,79,20.0431,-77.5828,75.0,3.96
168,Jalu,0,LY,1611796577,75,29.0331,21.5482,47.52,7.34
169,Santa Catarina de Tepehuanes,89,MX,1611796577,42,25.35,-105.7333,50.07,3.87
170,Torbay,90,CA,1611796577,86,47.6666,-52.7314,28.0,5.75
171,Kamyshnya,100,UA,1611796577,98,50.1859,33.684,35.46,7.65
172,Yuzhno-Sukhokumsk,100,RU,1611796577,85,44.6581,45.6436,43.14,9.89
173,Mackay,64,AU,1611796578,66,-21.15,149.2,86.0,20.71
174,Gilbués,97,BR,1611796578,52,-9.8317,-45.3439,78.85,3.04
175,Norfolk,95,US,1611796406,97,42.1668,-71.2495,34.0,3.11
176,Launceston,40,AU,1611796443,45,-41.45,147.1667,68.0,17.27
177,Tiksi,100,RU,1611796578,80,71.6872,128.8694,-34.76,2.13
178,Rabat,40,MA,1611796444,100,33.9911,-6.8401,61.0,4.61
179,Catia La Mar,40,VE,1611796579,78,10.6038,-67.0303,80.6,11.18
180,Ilebo,100,CD,1611796579,96,-4.3167,20.5833,70.57,1.3
181,Mayumba,100,GA,1611796579,86,-3.432,10.6554,77.67,2.86
182,Kilindoni,7,TZ,1611796579,78,-7.9139,39.6668,80.6,10.4
183,Evensk,100,RU,1611796580,84,61.95,159.2333,-6.9,13.4
184,Svarstad,0,NO,1611796580,75,59.399,9.9698,18.0,4.29
185,Aklavik,97,CA,1611796580,76,68.2191,-135.0107,-16.6,2.3
186,Bilma,0,NE,1611796580,29,18.6853,12.9164,61.92,14.56
187,Galle,6,LK,1611796580,84,6.0367,80.217,73.83,3.69
188,Nikolskoye,90,RU,1611796580,86,59.7035,30.7861,33.8,2.24
189,Khorixas,68,NA,1611796581,62,-20.3667,14.9667,71.83,6.58
190,Gao,0,ML,1611796581,19,16.6362,1.637,64.83,11.5
191,Ixtapa,1,MX,1611796581,83,20.7,-105.2,70.0,5.75
192,Portland,75,US,1611796409,75,45.5234,-122.6762,43.0,10.36
193,Beyneu,0,KZ,1611796581,93,45.3167,55.2,28.74,19.66
194,Petropavlovsk-Kamchatskiy,43,RU,1611796581,62,53.0452,158.6483,12.2,4.47
195,Faya,0,SA,1611796582,47,18.3851,42.4509,57.2,5.75
196,Pevek,100,RU,1611796582,88,69.7008,170.3133,-21.57,4.56
197,Challans,90,FR,1611796582,94,46.8436,-1.8749,53.6,12.66
198,Birin,0,NP,1611796582,80,26.8865,88.0718,43.11,3.67
199,Yantal',100,RU,1611796582,84,56.8471,105.2542,-20.47,5.08
200,Narsaq,75,GL,1611796583,33,60.9167,-46.05,39.2,20.71
201,San Luis,44,AR,1611796583,40,-33.295,-66.3356,79.52,7.29
202,Prainha,100,BR,1611796583,86,-1.8,-53.48,76.26,4.16
203,Norman Wells,75,CA,1611796583,76,65.282,-126.8329,-20.2,4.61
204,Mumford,0,GH,1611796583,91,5.2618,-0.759,78.03,8.34
205,Alice Springs,40,AU,1611796574,51,-23.7,133.8833,88.0,5.75
206,Rezh,100,RU,1611796584,94,57.37,61.4043,25.88,10.63
207,Hässleholm,90,SE,1611796584,100,56.1591,13.7664,33.8,4.61
208,Khatanga,0,RU,1611796584,80,71.9667,102.5,-31.18,6.98
209,Kathmandu,20,NP,1611796535,93,27.7167,85.3167,37.4,2.3
210,Lüderitz,0,NA,1611796585,60,-26.6481,15.1594,66.88,26.08
211,High Prairie,100,CA,1611796585,77,55.4334,-116.4858,-4.0,9.22
212,Ponta do Sol,80,PT,1611796585,79,32.6667,-17.1,60.01,5.32
213,Chandler,20,US,1611796304,35,33.3062,-111.8412,57.99,11.5
214,Mercedes,0,AR,1611796585,46,-34.6515,-59.4307,77.0,3.0
215,Palāsa,19,IN,1611796586,89,18.7667,84.4167,68.45,3.65
216,Cidreira,87,BR,1611796586,91,-30.1811,-50.2056,73.96,7.85
217,Orcopampa,52,PE,1611796586,61,-15.2661,-72.3417,46.67,6.76
218,Ancud,20,CL,1611796586,76,-41.8697,-73.8203,55.4,4.61
219,Kiama,95,AU,1611796586,65,-34.6833,150.8667,73.0,5.99
220,Maku,100,IR,1611796586,83,39.2911,44.4521,27.55,1.88
221,Saint-Augustin,0,CA,1611796587,93,51.226,-58.6502,12.2,10.54
222,Lancaster,100,US,1611796587,68,40.2504,-76.2499,32.0,3.0
223,Plettenberg Bay,62,ZA,1611796587,78,-34.0527,23.3716,62.83,2.59
224,Aguçadoura,75,PT,1611796587,100,41.4318,-8.7804,55.4,5.75
225,Malm,75,NO,1611796587,93,64.0721,11.2172,35.01,5.75
226,Aras,0,ES,1611796588,93,42.5617,-2.356,46.4,4.97
227,Ozernovskiy,99,RU,1611796588,92,51.5,156.5167,27.9,9.01
228,Nchelenge,80,ZM,1611796588,79,-9.3451,28.734,69.13,1.68
229,Thinadhoo,78,MV,1611796588,77,0.5333,72.9333,81.39,17.83
230,Saint-Joseph,0,RE,1611796589,61,-21.3667,55.6167,77.0,6.91
231,Saint-Pierre,0,RE,1611796589,61,-21.3393,55.4781,77.0,6.91
232,Gouré,83,NE,1611796589,13,13.9835,10.2704,72.0,10.0
233,Bengkulu,100,ID,1611796589,86,-3.8004,102.2655,76.42,4.41
234,São João da Barra,0,BR,1611796589,81,-21.6403,-41.0511,78.06,19.71
235,Linxia Chengguanzhen,94,CN,1611796590,85,35.6003,103.2064,19.02,0.74
236,Vilyuysk,100,RU,1611796590,77,63.7553,121.6247,-46.34,2.46
237,Ahipara,39,NZ,1611796590,65,-35.1667,173.1667,72.52,9.86
238,Saint George,90,US,1611796590,49,37.1041,-113.5841,43.0,9.22
239,Bandarbeyla,14,SO,1611796591,75,9.4942,50.8122,72.86,16.06
240,Kuching,40,MY,1611796591,94,1.55,110.3333,75.2,2.3
241,Dromolaxia,20,CY,1611796591,71,34.8761,33.586,53.01,4.61
242,Forio,0,IT,1611796591,56,40.7342,13.8646,52.0,4.61
243,Shingū,40,JP,1611796591,58,33.7333,135.9833,53.6,1.14
244,Madaoua,0,NE,1611796592,17,14.073,5.96,67.93,13.27
245,Dolores,3,AR,1611796592,68,-36.3132,-57.6792,63.32,8.99
246,Béoumi,5,CI,1611796592,61,7.6736,-5.5764,78.8,6.91
247,Qaqortoq,75,GL,1611796592,33,60.7167,-46.0333,39.2,20.71
248,Chapais,90,CA,1611796592,92,49.7834,-74.8492,14.0,9.22
249,Altay,0,CN,1611796593,75,47.8667,88.1167,1.35,1.07
250,Grindavik,0,IS,1611796593,69,63.8424,-22.4338,30.2,20.71
251,Tulun,100,RU,1611796593,94,54.5611,100.5792,4.87,5.53
252,Tura,0,IN,1611796593,71,25.5198,90.2201,54.99,3.38
253,Lagoa,0,PT,1611796593,82,39.05,-27.9833,60.24,25.41
254,Laguna,90,US,1611796588,87,38.421,-121.4238,46.99,9.22
255,Magalia,90,US,1611796594,87,39.8121,-121.5783,46.4,23.02
256,Impfondo,100,CG,1611796594,93,1.6381,18.0667,69.6,2.28
257,Agirish,100,RU,1611796594,97,61.9247,63.0231,12.94,4.76
258,Ndola,100,ZM,1611796594,93,-12.9587,28.6366,66.0,1.99
259,Saldanha,0,ZA,1611796594,72,-33.0117,17.9442,59.0,6.91
260,Mount Isa,44,AU,1611796595,43,-20.7333,139.5,93.2,6.91
261,Tilichiki,84,RU,1611796595,90,60.4667,166.1,-5.87,6.73
262,Kavieng,100,PG,1611796595,71,-2.5744,150.7967,85.14,10.36
263,Kolpashevo,100,RU,1611796595,84,58.3131,82.9089,-24.83,3.42
264,Varkaus,90,FI,1611796595,100,62.3153,27.873,32.0,4.61
265,Mazamari,91,PE,1611796596,78,-11.3258,-74.5308,72.28,0.85
266,Shizunai-furukawachō,100,JP,1611796596,89,42.3339,142.3669,25.12,12.8
267,Jiaozuo,0,CN,1611796596,45,35.2397,113.2331,37.76,12.28
268,Santa Cruz de la Sierra,100,BO,1611796580,86,-17.8,-63.1667,74.26,12.71
269,Rovaniemi,90,FI,1611796596,86,66.5,25.7167,17.6,11.5
270,Oodweyne,0,SO,1611796596,46,9.4092,45.064,62.19,5.59
271,Dera Ghazi Khan,0,PK,1611796597,45,30.0561,70.6348,46.58,2.3
272,Henties Bay,0,NA,1611796597,86,-22.116,14.2845,66.99,5.88
273,Talnakh,0,RU,1611796597,82,69.4865,88.3972,-29.7,2.89
274,Fairbanks,40,US,1611796588,76,64.8378,-147.7164,-14.01,1.74
275,Sibolga,100,ID,1611796598,71,1.7427,98.7792,76.69,4.27
276,Guane,28,CU,1611796598,84,22.2025,-84.0875,73.4,3.36
277,Hong Kong,5,HK,1611796349,80,22.2855,114.1577,64.0,8.59
278,Usakos,39,NA,1611796598,55,-22.0,15.6,73.8,0.87
279,Chui,14,UY,1611796598,87,-33.6971,-53.4616,68.14,8.23
280,La Ronge,0,CA,1611796599,77,55.1001,-105.2842,-4.0,9.22
281,Cedar City,90,US,1611796488,64,37.6775,-113.0619,30.2,6.91
282,Margate,100,GB,1611796517,88,51.3813,1.3862,46.99,1.99
283,Mahrīz,0,IR,1611796599,25,31.5917,54.4318,37.4,6.91
284,Udachny,6,RU,1611796599,79,66.4167,112.4,-39.1,2.71
285,Darnah,100,LY,1611796600,64,32.767,22.6367,53.02,12.39
286,Mayo,90,US,1611796600,65,38.8876,-76.5119,37.99,3.44
287,Srednekolymsk,100,RU,1611796600,85,67.45,153.6833,-25.31,11.99
288,Klaksvík,75,FO,1611796600,69,62.2266,-6.589,30.2,6.91
289,Szydłowiec,87,PL,1611796600,84,51.2282,20.8611,30.99,6.76
290,Lenger,0,KZ,1611796601,86,42.183,69.8839,26.6,6.71
291,Itoman,75,JP,1611796601,59,26.1247,127.6694,66.2,11.5
292,Marzuq,0,YE,1611796601,56,14.4,46.4667,54.39,0.83
293,Ambon City,40,ID,1611796601,66,-3.6954,128.1814,87.8,6.91
294,Tashtagol,100,RU,1611796602,95,52.7657,87.8894,19.92,13.35
295,Palmares do Sul,82,BR,1611796602,91,-30.2578,-50.5097,74.21,5.59
296,Lincoln,90,US,1611796474,68,40.8,-96.667,21.2,3.98
297,Nizhniy Ingash,63,RU,1611796602,88,56.2,96.53,-8.25,8.84
298,Seoul,90,KR,1611796602,100,37.5683,126.9778,35.6,11.5
299,Beausejour,38,CA,1611796603,74,50.0622,-96.5167,-13.0,2.8
300,Calafell,0,ES,1611796603,63,41.2,1.5683,62.6,16.11
301,Noumea,20,NC,1611796603,70,-22.2763,166.4572,86.0,19.57
302,Erdemli,15,TR,1611796603,58,36.605,34.3084,51.06,15.37
303,Katobu,100,ID,1611796603,74,-4.9408,122.5276,83.08,7.25
304,Pangnirtung,0,CA,1611796604,66,66.1451,-65.7125,4.46,3.15
305,Faanui,6,PF,1611796604,72,-16.4833,-151.75,81.54,12.5
306,Prince Rupert,75,CA,1611796604,69,54.3161,-130.3201,37.4,5.75
307,Grand Gaube,28,MU,1611796604,82,-20.0064,57.6608,75.99,1.99
308,Springbok,0,ZA,1611796604,54,-29.6643,17.8865,57.38,5.61
309,Stornoway,20,GB,1611796605,70,58.2093,-6.3865,37.4,14.97
310,Mandan,75,US,1611796589,92,46.8267,-100.8896,15.8,14.97
311,Constitución,100,CL,1611796605,78,-35.3333,-72.4167,57.42,17.0
312,Valdosta,90,US,1611796405,88,30.8327,-83.2785,60.8,3.44
313,Tual,100,ID,1611796605,77,-5.6667,132.75,84.13,15.37
314,Zakopane,0,PL,1611796605,85,49.299,19.9489,3.2,4.61
315,Ambilobe,1,MG,1611796606,93,-13.2,49.05,73.35,1.77
316,Praia,0,CV,1611796501,83,14.9215,-23.5087,69.8,16.11
317,Ilulissat,0,GL,1611796606,43,69.2167,-51.1,6.8,1.14
318,Banepā,20,NP,1611796606,93,27.6298,85.5214,37.4,2.3
319,Sulangan,100,PH,1611796606,80,11.1373,123.7228,80.47,14.72
320,Wanning,3,CN,1611796606,81,18.8003,110.3967,69.57,11.41
321,Bima,100,ID,1611796607,76,-8.4667,118.7167,82.85,2.77
322,Moro,0,PK,1611796607,39,26.6646,68.0016,49.71,4.52
323,Caracolí,100,CO,1611796607,90,6.4119,-74.7606,72.37,3.24
324,Jumla,0,NP,1611796505,40,29.2747,82.1838,31.73,5.77
325,Khandyga,63,RU,1611796607,76,62.6667,135.6,-51.88,0.18
326,Kattivākkam,40,IN,1611796608,88,13.2167,80.3167,73.4,2.3
327,Isangel,90,VU,1611796608,79,-19.55,169.2667,86.0,17.27
328,Marawi,14,PH,1611796608,72,7.9986,124.2928,77.0,4.0
329,Ondangwa,100,NA,1611796608,88,-17.9167,15.95,71.6,4.61
330,Clonakilty,75,IE,1611796609,93,51.6231,-8.8706,52.0,20.71
331,Sumbe,100,AO,1611796609,85,-11.2061,13.8437,75.43,6.89
332,Kaeo,2,NZ,1611796609,46,-35.1,173.7833,80.19,9.8
333,Ketchikan,1,US,1611796609,59,55.3422,-131.6461,32.0,8.05
334,Nishihara,75,JP,1611796609,59,26.1842,127.7558,66.2,11.5
335,Artyom,75,AZ,1611796610,93,40.4723,50.333,46.4,18.41
336,Berdigestyakh,100,RU,1611796610,78,62.0989,126.6992,-44.28,2.33
337,La Plata,0,AR,1611796610,73,-34.9215,-57.9545,75.0,1.99
338,George,0,ZA,1611796610,88,-33.963,22.4617,55.4,2.3
339,Jiamusi,100,CN,1611796610,91,46.8333,130.35,-4.54,3.62
340,Adrar,0,MR,1611796610,25,20.5022,-10.0711,64.98,10.33
341,Okha,100,RU,1611796611,95,53.5739,142.9478,10.26,16.64
342,Lavrentiya,97,RU,1611796611,88,65.5833,-171.0,-0.35,16.26
343,Iranshahr,0,IR,1611796611,13,27.2025,60.6848,41.0,6.91
344,Cartagena,0,CO,1611796491,83,10.3997,-75.5144,78.8,11.5
345,Kotagiri,20,IN,1611796611,94,11.4333,76.8833,64.4,3.44
346,Alice,1,US,1611796612,29,27.7523,-98.0697,64.4,8.05
347,Bălceşti,0,RO,1611796612,80,44.6167,23.95,28.99,9.22
348,Laas,100,IT,1611796612,87,46.6166,10.7002,27.0,6.02
349,Gashua,72,NG,1611796612,18,12.871,11.0482,66.81,9.78
350,Labuhan,100,ID,1611796612,78,-6.8844,112.2051,80.51,7.52
351,Asmara,2,ER,1611796612,60,15.3333,38.9333,52.12,0.89
352,Tselinnoye,100,RU,1611796613,97,53.0833,85.6667,18.79,14.7
353,Nagato,75,JP,1611796613,81,34.3833,131.2,46.4,1.14
354,Husavik,90,IS,1611796613,86,66.0449,-17.3389,17.6,4.61
355,Orbetello,20,IT,1611796613,81,42.4408,11.2196,39.2,3.44
356,Channel-Port aux Basques,65,CA,1611796613,93,47.5702,-59.1367,26.67,13.65
357,Diplo,0,PK,1611796614,34,24.4667,69.584,54.37,8.43
358,Kapuskasing,98,CA,1611796614,71,49.4169,-82.4331,-0.4,8.05
359,Sobolevo,100,RU,1611796614,98,54.4299,31.8996,24.55,1.97
360,Nanga Eboko,87,CM,1611796614,96,4.6833,12.3667,69.19,2.77
361,Lorengau,100,PG,1611796615,75,-2.0226,147.2712,84.24,9.86
362,Rānīr Bāzār,90,IN,1611796615,100,23.8333,91.3667,55.4,2.84
363,Guerrero Negro,100,MX,1611796615,54,27.9769,-114.0611,59.45,13.2
364,Fengzhen,0,CN,1611796615,62,40.4394,113.1536,4.32,16.89
365,Iquitos,75,PE,1611796615,94,-3.7481,-73.2472,77.0,2.3
366,Felanitx,20,ES,1611796615,100,39.4696,3.1483,52.0,1.81
367,Booué,100,GA,1611796616,91,-0.0921,11.9385,72.63,1.54
368,Aksu,0,CN,1611796616,88,41.1231,80.2644,14.61,1.72
369,Russell,90,US,1611796527,67,32.3502,-85.1999,57.2,20.71
370,Meulaboh,100,ID,1611796616,80,4.1363,96.1285,76.59,4.7
371,Zhireken,0,RU,1611796616,82,52.8249,117.3076,-25.11,1.88
372,Hasaki,75,JP,1611796617,61,35.7333,140.8333,46.4,18.41
373,Forbes,100,AU,1611796617,51,-33.3833,148.0167,81.0,7.0
374,Puerto Escondido,75,MX,1611796617,74,15.85,-97.0667,80.6,1.83
375,Port Elizabeth,0,ZA,1611796617,77,-33.918,25.5701,62.6,4.61
376,Pacific Grove,90,US,1611796617,93,36.6177,-121.9166,46.99,8.05
377,Gold Coast,40,AU,1611796527,57,-28.0,153.4333,86.0,17.27
378,Hervey Bay,4,AU,1611796618,58,-25.2986,152.8535,86.0,7.0
379,Puerto del Rosario,0,ES,1611796618,48,28.5004,-13.8627,60.8,5.75
380,Riviere-au-Renard,90,CA,1611796618,74,48.9957,-64.3971,23.0,6.91
381,Koslan,100,RU,1611796618,98,63.4564,48.8989,29.43,9.48
382,Giyani,1,ZA,1611796619,90,-23.3025,30.7187,73.13,2.24
383,Vao,100,NC,1611796619,86,-22.6667,167.4833,78.37,19.98
384,Puerto Colombia,0,CO,1611796619,78,10.9878,-74.9547,78.8,11.5
385,Khipro,0,PK,1611796619,39,25.8285,69.3772,50.68,5.57
386,Leningradskiy,100,RU,1611796619,87,69.3833,178.4167,-16.91,3.6
387,Parabel',99,RU,1611796619,84,58.6978,81.4825,-22.58,2.51
388,Bontang,100,ID,1611796620,85,0.1333,117.5,78.75,6.53
389,Codrington,99,AU,1611796620,55,-38.2667,141.9667,76.23,15.55
390,Usinsk,100,RU,1611796620,94,65.9939,57.5281,1.45,16.17
391,Lieksa,93,FI,1611796620,98,63.3167,30.0167,25.79,4.72
392,Bagdarin,0,RU,1611796620,73,54.4333,113.6,-27.6,2.06
393,Arlit,0,NE,1611796621,28,18.7369,7.3853,60.57,5.08
394,Khasan,100,RU,1611796621,98,42.4308,130.6434,22.8,15.9
395,Elk Plain,90,US,1611796621,87,47.0532,-122.3976,43.0,6.91
396,Jishou,0,CN,1611796621,80,28.3167,109.7167,43.65,1.36
397,Aquiraz,40,BR,1611796622,83,-3.9014,-38.3911,80.6,9.22
398,Sittwe,0,MM,1611796622,60,20.15,92.9,61.32,6.44
399,Naze,20,JP,1611796622,55,28.3667,129.4833,64.4,9.22
400,Zaraza,100,VE,1611796440,77,9.3503,-65.3245,75.11,7.87
401,Umm Hājar,0,TD,1611796622,18,13.2954,19.6966,70.97,11.1
402,Xingcheng,0,CN,1611796623,72,40.6167,120.7167,13.48,21.16
403,Neiafu,90,TO,1611796623,88,-18.65,-173.9833,77.0,11.5
404,Fort Nelson,40,CA,1611796623,77,58.8053,-122.7002,-11.2,2.3
405,Mitú,100,CO,1611796623,97,1.1983,-70.1733,72.57,3.15
406,Omboué,100,GA,1611796623,89,-1.5746,9.2618,74.5,2.68
407,Ninotsminda,75,GE,1611796624,79,41.2646,43.5916,12.2,2.3
408,Kyabram,100,AU,1611796624,50,-36.3167,145.05,80.01,1.99
409,Otavi,100,NA,1611796624,85,-19.65,17.3333,65.95,3.0
410,Rauma,90,FI,1611796624,93,61.1272,21.5113,26.6,5.75
411,Sisimiut,0,GL,1611796624,78,66.9395,-53.6735,8.46,10.65
412,Camacupa,100,AO,1611796625,89,-12.0167,17.4833,62.22,3.27
413,Beloha,5,MG,1611796625,80,-25.1667,45.05,76.05,10.31
414,Lethem,99,GY,1611796625,62,3.3803,-59.7968,80.46,15.99
415,Berlevåg,100,NO,1611796625,92,70.8578,29.0864,24.39,20.38
416,Mouila,100,GA,1611796625,95,-1.8685,11.0559,72.5,0.72
417,Jasper,81,US,1611796523,75,37.2001,-94.3502,28.99,1.99
418,Straelen,100,DE,1611796626,100,51.45,6.2667,42.01,3.0
419,Shelton,90,US,1611796626,64,41.3165,-73.0932,33.8,10.36
420,Arroyo de la Encomienda,90,ES,1611796626,100,41.6096,-4.7969,52.0,9.22
421,Vazante,100,BR,1611796626,80,-17.9869,-46.9078,68.41,2.04
422,Banjarmasin,40,ID,1611796626,88,-3.3244,114.591,77.0,6.91
423,Vyazemskiy,0,RU,1611796627,85,47.5378,134.7525,-2.56,3.67
424,Tuy Hoa,84,VN,1611796627,82,13.0833,109.3,72.19,12.41
425,Bethel,7,US,1611796627,78,41.3712,-73.414,28.99,1.01
426,Arraias,81,BR,1611796627,74,-12.9288,-46.9437,71.8,3.06
427,Lawton,1,US,1611796396,55,34.6087,-98.3903,35.01,8.05
428,Marsh Harbour,16,BS,1611796628,81,26.5412,-77.0636,75.09,8.99
429,Bilibino,100,RU,1611796628,84,68.0546,166.4372,-11.54,7.16
430,Kudahuvadhoo,87,MV,1611796628,70,2.6708,72.8944,79.84,15.52
431,Menongue,100,AO,1611796628,86,-14.6585,17.691,65.28,1.57
432,Baruun-Urt,0,MN,1611796628,80,46.6806,113.2792,-22.31,8.34
433,Mogadishu,100,SO,1611796629,84,2.0371,45.3438,76.66,17.0
434,Zyryanka,100,RU,1611796629,83,65.75,150.85,-29.54,2.55
435,Cap Malheureux,32,MU,1611796629,82,-19.9842,57.6142,75.99,1.99
436,Garut,100,ID,1611796629,77,-7.2024,107.8878,73.72,2.06
437,Oistins,40,BB,1611796629,69,13.0667,-59.5333,78.8,14.97
438,Iracoubo,100,GF,1611796630,82,5.4802,-53.2011,76.73,10.07
439,Cascais,98,PT,1611796630,88,38.6979,-9.4215,57.99,3.0
440,Kutum,79,SD,1611796630,27,14.2,24.6667,58.08,8.12
441,Tignère,52,CM,1611796630,26,7.3667,12.65,66.92,1.81
442,Alofi,90,NU,1611796631,21,-19.0595,-169.9187,78.8,8.05
443,Vestmannaeyjar,96,IS,1611796631,88,63.4427,-20.2734,33.31,22.01
444,Turaif,0,SA,1611796632,57,31.6725,38.6637,48.2,9.22
445,Ashquelon,24,IL,1611796632,100,31.6693,34.5715,60.01,14.32
446,Safi,0,MA,1611796632,85,32.2994,-9.2372,62.69,12.55
447,Jaqué,51,PA,1611796632,83,7.5175,-78.1703,79.11,5.1
448,Paamiut,81,GL,1611796633,84,61.994,-49.6678,31.05,10.8
449,Amazar,88,RU,1611796633,79,53.858,120.875,-23.28,4.72
450,Aksarka,100,RU,1611796633,84,66.5606,67.7975,-27.89,8.93
451,Yuyao,75,CN,1611796633,81,30.05,121.1494,48.99,12.95
452,Sergeevka,13,KZ,1611796634,96,53.88,67.4158,17.37,12.19
453,Gewanē,0,ET,1611796634,50,10.1664,40.6453,62.13,4.68
454,Cap-aux-Meules,100,CA,1611796634,74,47.3821,-61.8597,24.8,17.27
455,Gloucester,100,GB,1611796634,92,51.8657,-2.2431,50.0,11.01
456,Raudeberg,100,NO,1611796634,93,61.9875,5.1352,28.99,7.14
457,Beringovskiy,100,RU,1611796634,96,63.05,179.3167,15.89,25.5
458,Portales,0,US,1611796473,23,34.1862,-103.3344,42.01,1.99
459,São Filipe,0,CV,1611796635,69,14.8961,-24.4956,73.38,5.03
460,Kieta,99,PG,1611796635,67,-6.2167,155.6333,86.99,11.43
461,Sambava,8,MG,1611796635,90,-14.2667,50.1667,75.67,4.0
462,Mount Gambier,100,AU,1611796635,41,-37.8333,140.7667,80.6,11.5
463,Penzance,90,GB,1611796636,100,50.1186,-5.5371,51.8,20.71
464,Togul,100,RU,1611796636,97,53.465,85.9128,18.93,12.46
465,Bud,100,US,1611796636,94,39.447,-86.1758,26.01,9.69
466,Kuminskiy,100,RU,1611796636,97,58.6667,66.5667,19.89,9.57
467,Buala,100,SB,1611796637,71,-8.145,159.5921,86.22,14.18
468,Española,1,US,1611796637,51,35.9911,-106.0806,30.2,2.04
469,Alyangula,100,AU,1611796637,79,-13.8483,136.4192,84.2,9.22
470,Monrovia,40,LR,1611796396,94,6.3005,-10.7969,77.0,5.82
471,Shenkursk,100,RU,1611796637,98,62.1091,42.896,27.45,8.14
472,Vaitape,33,PF,1611796638,72,-16.5167,-151.75,81.48,11.56
473,Parkes,100,AU,1611796638,51,-33.1333,148.1833,81.0,7.0
474,Achutupo,100,PA,1611796638,86,9.2,-77.9833,77.88,5.99
475,Salto,56,UY,1611796379,75,-31.3833,-57.9667,82.0,3.0
476,Kristiansund,20,NO,1611796638,86,63.1115,7.732,32.0,6.91
477,Touros,20,BR,1611796639,78,-5.1989,-35.4608,78.8,9.22
478,Ono,75,JP,1611796639,66,34.85,134.9333,50.0,8.05
479,Porto União,100,BR,1611796639,95,-26.2381,-51.0783,66.65,1.52
480,San Vicente,100,AR,1611796639,99,-26.6167,-54.1333,69.12,4.41
481,Belaya Gora,100,RU,1611796639,87,68.5333,146.4167,-24.59,4.59
482,Xining,32,CN,1611796639,70,36.6167,101.7667,9.7,3.06
483,Vila,100,PT,1611796640,96,42.0304,-8.1588,53.01,6.15
484,Batemans Bay,100,AU,1611796640,87,-35.7167,150.1833,64.0,1.01
485,Syas'stroy,89,RU,1611796640,98,60.1367,32.5691,26.94,4.16
486,Kirakira,82,SB,1611796640,76,-10.4544,161.9205,84.52,13.8
487,Hīt,100,IQ,1611796640,37,33.6416,42.8251,57.07,2.98
488,Fayaoué,100,NC,1611796641,80,-20.65,166.5333,81.14,19.04
489,Sioux Lookout,1,CA,1611796641,76,50.1001,-91.917,-14.8,3.24
490,Pisco,0,PE,1611796641,68,-13.7,-76.2167,71.6,4.61
491,Auki,100,SB,1611796641,75,-8.7676,160.7034,83.97,11.14
492,Inta,100,RU,1611796641,93,66.0317,60.1659,-0.18,15.39
493,Chimbote,100,PE,1611796443,77,-9.0853,-78.5783,71.02,7.16
494,Caboolture,6,AU,1611796642,78,-27.0833,152.95,84.0,12.41
495,Agüimes,0,ES,1611796642,88,27.9054,-15.4461,64.0,10.36
496,Hualmay,100,PE,1611796642,82,-11.0964,-77.6139,71.08,7.63
497,Galeana,57,MX,1611796642,28,24.8333,-100.0667,55.99,8.01
498,Ilanskiy,16,RU,1611796643,87,56.2358,96.065,-10.46,10.13
499,Divnomorskoye,92,RU,1611796643,69,44.5011,38.1353,52.34,13.44
500,Port Blair,95,IN,1611796511,81,11.6667,92.75,79.16,11.7
501,Yar-Sale,100,RU,1611796643,84,66.8333,70.8333,-32.8,7.34
502,Chernyshevskiy,50,RU,1611796643,80,63.0128,112.4714,-47.02,1.57
503,Geraldton,0,AU,1611796643,34,-28.7667,114.6,78.8,12.66
504,Samarai,100,PG,1611796644,77,-10.6167,150.6667,82.26,3.15
505,Kyra,96,RU,1611796644,77,49.5776,111.9753,-21.48,2.57
506,Otane,8,NZ,1611796644,56,-39.8833,176.6333,75.99,15.99
507,Coahuayana Viejo,1,MX,1611796644,83,18.7333,-103.6833,71.6,3.47
508,Panama City,90,PA,1611796644,74,8.9936,-79.5197,80.6,6.91
509,Celestún,14,MX,1611796645,86,20.8667,-90.4,76.57,14.92
510,Sistranda,20,NO,1611796645,86,63.7256,8.834,33.8,19.57
511,Moerai,100,PF,1611796645,77,-22.4333,-151.3333,80.28,15.32
512,Topolog,90,RO,1611796645,86,44.8833,28.3667,30.2,20.71
513,Aktash,51,RU,1611796645,88,50.3,87.7333,-4.59,3.24
514,Lambaréné,100,GA,1611796591,95,-0.7001,10.2406,73.0,1.92
515,Vieques,40,PR,1611796646,78,18.425,-65.8329,77.0,8.05
516,Paita,10,PE,1611796646,73,-5.0892,-81.1144,75.22,17.65
517,Kitaotao,100,PH,1611796646,70,7.6397,125.0089,76.14,3.62
518,Sur,0,OM,1611796647,70,22.5667,59.5289,67.01,12.55
519,Praia da Vitória,20,PT,1611796647,94,38.7333,-27.0667,62.6,22.79
520,Mareeba,75,AU,1611796647,83,-17.0,145.4333,80.6,4.61
521,Naryan-Mar,100,RU,1611796647,91,67.6713,53.087,-4.79,18.37
522,Alexandria,40,EG,1611796540,58,31.2156,29.9553,59.0,11.5
523,Kuytun,100,RU,1611796647,91,54.3419,101.5036,-7.87,6.46
524,Muskegon,90,US,1611796648,68,43.3,-86.1334,24.8,10.36
525,Sinnamary,96,GF,1611796648,80,5.3833,-52.95,76.42,10.16
526,Suntar,77,RU,1611796648,77,62.1444,117.6319,-47.76,0.38
527,Abalak,100,RU,1611796648,98,58.1286,68.5944,21.63,7.49
528,Ugoofaaru,0,MV,1611796649,64,5.6667,73.0,80.64,11.7
529,Ouadda,64,CF,1611796649,21,8.0777,22.4007,73.4,5.01
530,Rawson,57,AR,1611796649,45,-43.3002,-65.1023,64.9,11.34
531,Vulcăneşti,100,MD,1611796649,96,45.6842,28.4028,30.79,24.34
532,Erdenet,100,MN,1611796649,84,49.0333,104.0833,-6.56,4.07
533,Tsimmerbude,75,RU,1611796650,93,54.675,20.1347,32.0,4.47
534,Khilok,100,RU,1611796650,81,51.3674,110.4676,-20.22,3.33
535,Karratha,0,AU,1611796650,14,-20.7377,116.8463,99.25,16.11
536,Dzerzhinsk,90,RU,1611796650,100,56.2389,43.4631,33.8,6.71
537,Brae,59,GB,1611796651,86,60.3964,-1.353,32.0,9.22
538,Mnogovershinnyy,100,RU,1611796651,93,53.9353,139.9242,-3.68,7.27
539,Fuzhou,90,CN,1611796651,76,26.0614,119.3061,53.6,8.95
540,Port-Cartier,0,CA,1611796651,58,50.0334,-66.8654,21.2,5.75
541,Port Macquarie,90,AU,1611796652,83,-31.4333,152.9167,82.99,8.1
542,Mēga,0,ET,1611796652,51,4.05,38.3,60.04,13.33
543,Port Moresby,75,PG,1611796652,100,-9.4431,147.1797,77.0,10.36
544,Mortka,100,RU,1611796652,97,59.3322,66.0214,19.4,9.73
545,La Santisima Trinidad,100,BO,1611796652,94,-14.8333,-64.9,74.75,5.99
546,Kirkwall,100,GB,1611796653,86,58.9848,-2.9587,33.8,1.14
547,Soe,100,ID,1611796653,79,-9.8607,124.284,75.34,9.33
548,Tarakan,40,ID,1611796407,89,3.3,117.6333,80.6,5.75
549,Boa Vista,75,BR,1611796653,69,2.8197,-60.6733,80.6,10.36
550,Umm Kaddadah,6,SD,1611796653,19,13.6017,26.6876,68.67,16.11
551,Harda,0,IN,1611796654,42,22.3333,77.1,52.5,8.79
552,Ihosy,25,MG,1611796654,91,-22.4,46.1167,69.12,3.15
553,Biak,98,ID,1611796654,64,-0.9131,122.8766,82.76,4.7
554,Bonavista,79,CA,1611796654,93,48.6499,-53.1147,28.0,3.44
555,Muros,100,ES,1611796654,93,42.7762,-9.0603,57.99,11.01
556,Bereda,99,ES,1611796655,94,43.2686,-7.5406,55.0,8.99
557,Mehamn,100,NO,1611796655,93,71.0357,27.8492,23.95,19.64
558,Valentín Gómez Farías,100,MX,1611796655,39,28.2167,-106.5833,48.99,5.01
559,Buin,0,CL,1611796655,35,-33.7333,-70.75,75.2,12.66
560,Tessalit,0,ML,1611796655,24,20.1986,1.0114,63.48,7.99
561,Lodja,100,CD,1611796656,97,-3.4833,23.4333,68.59,3.36
562,Inhambane,50,MZ,1611796656,88,-23.865,35.3833,78.67,6.73
563,Surgut,40,RU,1611796656,76,61.25,73.4167,-22.0,8.95
564,Cockburn Town,0,TC,1611796657,76,21.4612,-71.1419,76.14,15.93
